fNight,PSF_deg,PSF_err_deg,number_muons
20120208,0.0832043616305637,0.003822357910992341,2
20120218,0.05026330937099713,3.7001211034549374e-05,5961
20120219,0.05357231184536681,4.86158105273738e-05,3956
20120220,0.04731880835636,3.281739071563659e-05,6789
20120221,0.05118512351105605,4.011325464998101e-05,5262
20120222,0.049187765085058746,2.6614732976877388e-05,11052
20120223,0.04968910492813961,2.540270238351699e-05,12367
20120224,0.04925863210225488,2.547033683852056e-05,12100
20120225,0.04955349282938721,2.570591764323739e-05,12014
20120226,0.057021108102292106,8.33683987813469e-05,1563
20120227,0.06031921092431809,0.0002586322657412386,188
20120228,0.0482947774476781,3.2606677148389586e-05,7122
20120229,0.04671044245409139,2.7719431919155613e-05,9318
20120301,0.04661773376270577,2.8704767918697013e-05,8662
20120303,0.04685588044659212,0.00011500685304812583,544
20120309,0.050983127052985674,0.00018077089099962683,257
20120310,0.04922155790121491,7.231367249759457e-05,1499
20120311,0.0474093456538486,3.942091545314919e-05,4720
20120313,0.050166422376018746,8.311134960101564e-05,1177
20120314,0.04734806710856099,4.536155023187385e-05,3557
20120315,0.046232006698660705,3.4035879063875134e-05,6082
20120316,0.0459990523055121,3.1496614682809967e-05,7048
20120317,0.04600460973440349,3.2494425319936914e-05,6623
20120318,0.04582276333575425,3.3396772759556055e-05,6233
20120320,0.04702144339021115,3.1059910451913095e-05,7501
20120322,0.05042262404118732,3.614543786951868e-05,6286
20120324,0.050191492405820576,4.0052526642843744e-05,5073
20120325,0.04851669785802505,3.061888129980109e-05,8143
20120326,0.048593940249095545,0.0001397525708870417,392
20120329,0.052375063865751775,4.516689505786384e-05,4358
20120330,0.051602288376411426,4.8923150355138834e-05,3598
20120408,0.05311212727881058,0.00011013108515656635,756
20120409,0.054720382065402536,8.397140591020036e-05,1393
20120410,0.05145254601169884,4.8084007298137784e-05,3702
20120412,0.050521075930318814,4.162702714070354e-05,4758
20120413,0.05008596523331508,4.073577483164688e-05,4884
20120414,0.048830536412701124,3.874584047071349e-05,5145
20120415,0.048046830478689385,3.4775553091027925e-05,6205
20120416,0.047783668784327486,2.675229339005685e-05,10386
20120417,0.049386845033488364,6.076993306513713e-05,2136
20120508,0.05070802361458749,9.141332037489412e-05,994
20120509,0.04838061259001897,4.732207789445908e-05,3392
20120510,0.0473732923552359,3.7301222534132466e-05,5265
20120512,0.04754165277698716,5.666581483563347e-05,2295
20120514,0.04754371567176269,8.835728414354556e-05,944
20120515,0.0477217730710864,6.17828360651189e-05,1943
20120516,0.046311481501267224,6.465311400291994e-05,1690
20120517,0.046598783339100766,2.8256957240802112e-05,8933
20120518,0.04816776263443899,2.518574240414954e-05,11882
20120520,0.04810193626068502,3.8993858634763405e-05,4945
20120521,0.046858271028848354,2.85470081458482e-05,8830
20120522,0.047185181082448145,3.744633828762912e-05,5190
20120523,0.04706779532200663,3.2457393062673e-05,6880
20120524,0.04688631769972205,3.2471892615362885e-05,6831
20120525,0.04780434383429365,2.6009307200573286e-05,10996
20120526,0.04794854166376518,3.1188490620682414e-05,7687
20120527,0.047514866323299446,3.377474356270729e-05,6454
20120529,0.047862816253054455,3.355115783170848e-05,6622
20120530,0.04816361340569739,4.1179367107531995e-05,4444
20120531,0.047538301787008914,5.454107582300605e-05,2477
20120605,0.0516561514793766,0.00018184562077671162,261
20120606,0.04887312098112548,6.851501291981339e-05,1648
20120608,0.045885561472796016,5.1921635307446685e-05,2584
20120609,0.04709608609058107,4.3421339689443664e-05,3848
20120611,0.045286922413908935,2.9555618222332838e-05,7824
20120612,0.0464597734248617,2.9406033841712824e-05,8210
20120613,0.04576930129476435,2.4493414831005183e-05,11568
20120614,0.04596863868022528,2.427339377915795e-05,11855
20120615,0.045315902695055706,2.4806042867501547e-05,11117
20120616,0.046471015296231946,2.5273014698137655e-05,11119
20120617,0.048508885708989695,2.8852372085394848e-05,9168
20120618,0.04310774013604495,2.731687205331278e-05,8600
20120619,0.0462120506343374,3.643812468881363e-05,5303
20120620,0.046833928316533525,2.649263906064425e-05,10244
20120621,0.04579099630736686,2.5684910183364343e-05,10527
20120622,0.04601072715125997,2.5714486329565687e-05,10578
20120623,0.04593591069393936,2.3595125390845026e-05,12533
20120624,0.04575117131590117,3.5832278912208953e-05,5402
20120626,0.04677068947632824,3.906988051639241e-05,4700
20120628,0.04571903830574651,4.388915464337298e-05,3597
20120629,0.04702263107287783,6.780571895529025e-05,1574
20120706,0.04865207402687688,5.947601606592055e-05,2169
20120707,0.049164659749345696,5.43800142449975e-05,2645
20120708,0.04831582457009564,5.2181727146337724e-05,2783
20120709,0.046685312610904965,3.6232802176470236e-05,5449
20120710,0.046499827350785075,7.434975634364009e-05,1286
20120711,0.0462433224237065,2.8740258512596752e-05,8533
20120712,0.046236826746630856,4.221594328309401e-05,3954
20120713,0.04762924437822807,3.2838559803043384e-05,6855
20120714,0.04784284307489477,2.9964830690716304e-05,8296
20120715,0.04809430777270118,3.476633262785272e-05,6219
20120716,0.0485243791786946,4.87060298745273e-05,3219
20120718,0.048902837393932176,3.671332908562231e-05,5746
20120725,0.04441548756223681,4.485706885749986e-05,3308
20120726,0.04349854518332068,4.946964062264873e-05,2650
20120727,0.049127047427095276,9.105780606496549e-05,942
20120808,0.048125327342365465,5.931419111595724e-05,2139
20120809,0.04711101671609718,4.1405474482605395e-05,4234
20120810,0.047479140801815006,8.532406590918687e-05,1010
20120812,0.049631667063089434,4.2000055192118966e-05,4514
20120813,0.048099520331401,6.06633118572541e-05,2043
20120821,0.04641449029535206,3.925544021567747e-05,4600
20120822,0.047847782926947253,3.188976255855284e-05,7326
20120913,0.04728320497589696,9.323876541383997e-05,840
20120916,0.04797934792572953,3.285896424712684e-05,6933
20120917,0.048129352152902316,2.6114995257595685e-05,11036
20120918,0.04859041507062798,3.3337103662011276e-05,6888
20120919,0.048638102011881165,2.4388319251811887e-05,12893
20120920,0.04935194765340129,2.8400056930173628e-05,9767
20120921,0.048310251913971834,2.8846339660080106e-05,9105
20120922,0.048059375813942005,3.2630097983553757e-05,7051
20120923,0.0504505357953856,5.038973649033948e-05,3238
20120924,0.05155175000415412,0.00010224943099632137,822
20120925,0.05288278117983602,0.00013139551116532854,526
20121003,0.05204940435957761,7.938044222163833e-05,1392
20121008,0.04814114312500531,3.8424116038436086e-05,5100
20121009,0.04854700973225328,3.095900278324615e-05,7974
20121010,0.04992980741276428,3.060308705737337e-05,8601
20121011,0.04965894467073905,2.876294057018061e-05,9635
20121012,0.04771276178297877,2.9396167131621478e-05,8580
20121015,0.05060710821989491,4.350999770968655e-05,4370
20121016,0.050975634795701136,3.2820821238721166e-05,7794
20121017,0.03891690542092445,0.000916213132041098,7
20121020,0.06073179160018127,0.0017893862167414221,4
20121021,0.0549769817639513,0.0014094084375008919,5
20121022,0.049692611115202644,4.901643413318975e-05,3322
20121024,0.0519221109511461,8.381710138029263e-05,1242
20121025,0.0496802772745843,5.3178549335202094e-05,2821
20121026,0.04993900560379797,6.735906144449822e-05,1776
20121112,0.04893844467840377,2.7673026846372264e-05,10127
20121113,0.05064478204268895,3.451738951430012e-05,6954
20121115,0.05052980762754256,3.270661854690524e-05,7710
20121117,0.05083330049212623,9.182737763643418e-05,990
20121118,0.05205460787281935,3.74422564709469e-05,6258
20121119,0.0505884833691612,3.7782628068634195e-05,5791
20121120,0.052271583384859314,4.9079671639631534e-05,3675
20121121,0.05311109408722986,5.4883149640816404e-05,3044
20121122,0.05265601127332002,6.484899584168072e-05,2139
20121123,0.05339932286678504,7.659608380805419e-05,1582
20121203,0.05196522981428932,7.600805897084264e-05,1513
20121205,0.05336764757700581,5.4005880223457364e-05,3178
20121206,0.05168854754877778,3.9013361922868696e-05,5678
20121207,0.05152462881602649,2.882048966504794e-05,10335
20121208,0.05308532909673889,2.549134370064518e-05,14095
20121209,0.05228075680496103,2.8967063150694813e-05,10554
20121210,0.052078838572153355,3.137196576281042e-05,8923
20121211,0.05131959936007864,4.476654114441797e-05,4248
20121213,0.05185596223936064,2.7222714660418878e-05,11742
20121214,0.05181964005732592,2.8502832314513882e-05,10695
20121215,0.05265213052029379,3.7946559350829705e-05,6246
20121216,0.05235116105658201,3.0256408163522762e-05,9702
20121217,0.05176925533264004,3.174158542473967e-05,8606
20121218,0.052777269088039154,3.715558176505083e-05,6549
20121220,0.05142876533242615,3.464063455841795e-05,7126
20121221,0.052292358849543245,3.7379952998958674e-05,6341
20121222,0.05149804834844364,4.449151006096522e-05,4332
20130102,0.053625371082066865,9.038875691539828e-05,1147
20130103,0.05387266624316388,6.477714123379154e-05,2257
20130104,0.05325828881416608,4.912583442109984e-05,3823
20130105,0.055163120541068256,3.830528783168707e-05,6824
20130106,0.0542367871797895,3.326922072881808e-05,8691
20130107,0.05376277410437287,3.105662133717117e-05,9773
20130108,0.0532903511518598,3.826416057139386e-05,6310
20130109,0.05379823739000297,3.243968284829262e-05,8971
20130110,0.05336154496301498,3.401729461825771e-05,8008
20130111,0.054611862974043746,3.615241012776884e-05,7480
20130112,0.05185681254924237,3.294816298409959e-05,8016
20130113,0.05238129661200372,3.45634412207082e-05,7444
20130114,0.05210742816012323,3.158222085834026e-05,8815
20130115,0.051427852966870906,3.333468672943239e-05,7695
20130116,0.05278599804393473,3.519171484914066e-05,7303
20130117,0.051733738346935586,5.044822279067696e-05,3402
20130118,0.05243132966058258,4.937744400859364e-05,3655
20130119,0.05179877550082259,4.24967156351484e-05,4807
20130120,0.052034112773462524,4.912732664739641e-05,3632
20130123,0.05287203856741458,7.151154793664931e-05,1775
20130124,0.05190846224799686,0.000135353032974291,476
20130129,0.05573059687023858,0.00010732871846974714,891
20130130,0.05438817040030944,8.047697653602767e-05,1495
20130131,0.052243401008747296,7.40847220434254e-05,1611
20130201,0.05408211718535718,6.256787777099903e-05,2441
20130202,0.0541907443417961,5.548937712217367e-05,3118
20130203,0.05472335875082786,4.517800130246487e-05,4813
20130204,0.05498583852113763,3.779967276669386e-05,6954
20130205,0.054218982629654675,5.0716562179100405e-05,3737
20130206,0.053393692586549246,3.192755386993543e-05,9103
20130207,0.05407714370073943,3.385401061916731e-05,8336
20130208,0.053442675438003476,3.3281191422844707e-05,8395
20130209,0.05333162613165211,3.3812557846149354e-05,8095
20130210,0.053291037999942004,4.322013625189835e-05,4946
20130214,0.05335438338158645,4.197450489503072e-05,5258
20130215,0.05288182789252559,5.0813430425670335e-05,3517
20130216,0.052638350796710844,4.253179869666742e-05,4969
20130217,0.05267352374695201,6.599295082693559e-05,2067
20130220,0.05367419322894015,4.794006313283271e-05,4086
20130222,0.054790692918307855,9.442496414999183e-05,1105
20130302,0.05589878034458748,6.07030195960559e-05,2806
20130306,0.053475422396483875,4.821808523793377e-05,4005
20130308,0.05375958475477556,4.016592917168864e-05,5842
20130309,0.053662401135079765,3.2995887700953196e-05,8621
20130311,0.05301542333735698,3.23780971113593e-05,8711
20130312,0.05359923234650631,4.090293729403792e-05,5595
20130313,0.05311999373962579,2.6313833626731196e-05,13247
20130314,0.052431529380282164,2.6325128712545314e-05,12859
20130315,0.051283187776043675,3.336945658608493e-05,7634
20130317,0.05309570755274605,7.438583080409753e-05,1656
20130318,0.05527463430935935,6.796781893061667e-05,2178
20130319,0.05448268725999294,3.6398890685792935e-05,7338
20130320,0.054750246254012216,4.2951987077908e-05,5331
20130322,0.0556452837109178,7.052335329653828e-05,2056
20130323,0.055817451540065,6.843354991612174e-05,2200
20130324,0.0551093867755285,7.79033231181937e-05,1646
20130325,0.09325608222215737,0.005931351442400631,1
20130329,0.0589563868725805,0.0003089624043619569,124
20130330,0.05799405690174291,0.00025313364493999936,177
20130331,0.05585352215682691,4.093915100731319e-05,6157
20130401,0.05453392088441978,4.1200367227946015e-05,5740
20130405,0.05367686919590248,3.6973808432652425e-05,6870
20130406,0.05502209318736082,2.6763886297997302e-05,13893
20130407,0.05443082078055939,3.2434132995727246e-05,9221
20130408,0.054060354621894506,2.690766869999311e-05,13186
20130409,0.05200025554716608,3.127209672941529e-05,8951
20130410,0.06004502184439712,0.0003560458680669921,98
20130413,0.05427587935519113,2.5329233479659967e-05,15019
20130414,0.053640380634518724,2.5439918166949126e-05,14489
20130415,0.054320308619734206,2.629470527720745e-05,13963
20130416,0.05375858998419467,2.9379063063486346e-05,10919
20130417,0.052493796151434416,3.217041715474641e-05,8633
20130418,0.05184645679854193,3.37596897048553e-05,7632
20130419,0.05305789618040068,4.2719399156223294e-05,5013
20130427,0.05966905792573813,0.00018147057213400468,371
20130428,0.05602179666577018,6.201579061561335e-05,2703
20130429,0.055064331808844805,4.599354507428077e-05,4713
20130430,0.056294515746327864,4.9504633640730765e-05,4293
20130501,0.0556684402720013,3.609178650292224e-05,7858
20130502,0.055023862868470726,3.0845941922182775e-05,10460
20130503,0.055798455401760316,2.9268591773708505e-05,12017
20130504,0.05466744855757264,2.8949880455498426e-05,11693
20130505,0.052467670032381994,2.7564874288596207e-05,11746
20130506,0.053306577477039735,2.652720333239693e-05,13138
20130507,0.052834410017504406,2.430950566232224e-05,15336
20130508,0.053671413620968784,2.5891963830825762e-05,14006
20130509,0.053827608813110966,2.4270149574460276e-05,16047
20130510,0.05334918833334014,2.461668340533149e-05,15284
20130511,0.052672184696661045,2.393459372337106e-05,15713
20130512,0.053492807499552646,2.9187890036523625e-05,10938
20130513,0.0550570628806359,2.7676106154678635e-05,13012
20130514,0.05471335184811417,3.36109735983271e-05,8692
20130515,0.05601863922309379,3.119969016566235e-05,10678
20130516,0.058142450103966764,0.00016606039492485607,414
20130522,0.05511110132142664,0.0001636562751271711,373
20130526,0.05652520221947006,0.00011426635399015871,814
20130527,0.06083651701384802,0.00033744445461907454,113
20130528,0.05515736065112607,4.80373513032788e-05,4338
20130529,0.055719220572282714,5.015602729951891e-05,4078
20130530,0.053742014747282164,3.428081308774888e-05,8014
20130531,0.05301430738116923,3.175286659217541e-05,9057
20130601,0.05384648300495964,3.127906131783488e-05,9669
20130602,0.05459041378753164,3.1858959580256325e-05,9623
20130603,0.054274471212957705,2.775685061438396e-05,12506
20130604,0.0535545077072312,2.5865489847408672e-05,13965
20130605,0.05432120476877234,2.6267009574372336e-05,13993
20130606,0.05414179210937051,2.6099782942522835e-05,14064
20130607,0.05293794584760939,2.8789644037237445e-05,10982
20130608,0.050866900064020636,2.853523054160298e-05,10266
20130609,0.053079094653673574,2.628518550093612e-05,13253
20130610,0.04992866335505436,2.3449092936580166e-05,14649
20130611,0.04977885402561953,2.7022298303188737e-05,10967
20130613,0.052928351831734874,2.792606844045415e-05,11667
20130614,0.0532335525417,2.7249840122186204e-05,12412
20130615,0.052971887443771896,3.060455938216741e-05,9732
20130617,0.053484369489142335,3.840062934114791e-05,6317
20130618,0.053715957934950306,4.5134382237160176e-05,4618
20130619,0.05397313089517622,5.615718850913167e-05,3016
20130620,0.05318617963536265,8.427816368026111e-05,1295
20130625,0.05308953773537759,0.00011407159306420037,704
20130626,0.05458664072902489,6.811227329324963e-05,2105
20130627,0.05344564338134,4.798435365527019e-05,4039
20130628,0.052901934669973,4.06100065682611e-05,5511
20130629,0.053257103068023275,3.8671748374022674e-05,6169
20130630,0.05385387507443011,3.530722634585136e-05,7591
20130701,0.053155716027170966,3.625976840593212e-05,6987
20130702,0.05276969527566808,2.7617439155744108e-05,11850
20130703,0.05030669707130782,2.8836851143090574e-05,9831
20130704,0.051749168846223534,2.8968525031733792e-05,10324
20130705,0.052430286837737254,2.9072391945395812e-05,10543
20130706,0.05261166430577595,2.67539558958088e-05,12544
20130707,0.052034578387789875,2.6195082486272386e-05,12775
20130708,0.051146878449826176,2.546374378861472e-05,13038
20130709,0.05091878124334973,2.732478476808649e-05,11219
20130710,0.0512150897539951,2.795320479532999e-05,10849
20130711,0.051560080907328776,2.7609249063518713e-05,11278
20130712,0.051148592501986306,2.7206438682153164e-05,11422
20130713,0.05099090835985335,2.692170527901741e-05,11591
20130714,0.05187264544982033,2.9545747924543786e-05,9975
20130715,0.05231584383865469,3.4318783863961755e-05,7530
20130716,0.052147639788951594,3.767723778695829e-05,6204
20130717,0.053292520499371755,4.4494663212377206e-05,4667
20130718,0.05442697301370779,4.906328950365543e-05,4029
20130719,0.05438790009353463,7.088410515744209e-05,1927
20130726,0.05252626394501643,5.896735886647666e-05,2573
20130727,0.05268052916088718,4.836164934337338e-05,3850
20130728,0.05188733015828267,4.0534219915975284e-05,5303
20130729,0.051524419735432855,3.8057239309447514e-05,5927
20130730,0.05197617017203124,3.8863128943844924e-05,5790
20130731,0.05160420849627306,3.846147389666209e-05,5822
20130801,0.053365738466812,4.870557894252793e-05,3907
20130802,0.05195026177314297,3.118071899197537e-05,8985
20130803,0.052221963935656084,3.6072857345360514e-05,6789
20130804,0.05196042205443512,2.675554593396153e-05,12208
20130805,0.05169935583778553,2.8584021928152788e-05,10582
20130806,0.051819743942125226,2.9929087187657953e-05,9700
20130807,0.05177121624914794,2.7905007684867982e-05,11136
20130808,0.05279487232613829,2.852459919308101e-05,11120
20130809,0.05209313631135642,2.7964067311177803e-05,11237
20130810,0.0522206656928334,2.931828671684848e-05,10277
20130811,0.05182176397246036,2.7918936485297444e-05,11148
20130812,0.052810286812569954,3.1794743297131026e-05,8956
20130813,0.053300765823247324,4.061555201767813e-05,5603
20130814,0.05256505974871119,3.814726002167497e-05,6158
20130815,0.052536543716024155,4.283110612927744e-05,4879
20130816,0.05255363850583379,5.4495917069770064e-05,3016
20130817,0.054655600427667886,9.25710899924995e-05,1143
20130818,0.054800806689963094,0.00013611541455780924,532
20130824,0.05345850583206884,6.977901466981605e-05,1911
20130825,0.053218687540804915,4.852314391498773e-05,3912
20130826,0.05327479063857608,4.418076218928054e-05,4730
20130827,0.05377627783488528,3.88528461263828e-05,6248
20130828,0.0531910826632295,4.07034411423175e-05,5553
20130829,0.05231117926212922,3.971031010270859e-05,5623
20130830,0.05312318728212222,2.591473715561702e-05,13660
20130831,0.052639240276230154,2.4531529929105957e-05,14937
20130901,0.052286211216010764,2.4737334577035223e-05,14475
20130902,0.052246017772572276,2.374572422754081e-05,15683
20130903,0.05229799997377725,2.386819296594827e-05,15556
20130904,0.05403295882573643,2.499935377155265e-05,15258
20130905,0.053546128497893315,2.4227098388176523e-05,15912
20130906,0.054066282542574125,2.415405238080875e-05,16368
20130907,0.05514338963593793,2.7166024945098725e-05,13556
20130908,0.05474311808145739,2.5200379006616492e-05,15482
20130909,0.05119306840737355,2.303650801905911e-05,15960
20130910,0.05422965228641279,2.571838216566542e-05,14539
20130911,0.05392148473682279,6.690723099499282e-05,2120
20130912,0.056060044447438256,3.4720269562163626e-05,8638
20130913,0.0547955074541375,3.794255231300477e-05,6845
20130914,0.05294116354861126,3.675979937121587e-05,6737
20130915,0.054549885316520656,4.740912111864309e-05,4338
20130916,0.05652788255338562,7.190260820905655e-05,2056
20130922,0.05635025055726945,8.152108620988062e-05,1587
20130923,0.05513825161328557,5.3518784455317996e-05,3492
20130924,0.0528995819026982,4.438969341386634e-05,4612
20130925,0.09003468690783477,0.005801389920244534,1
20130926,0.05510270972591968,3.998270248951394e-05,6247
20130927,0.05387798449830608,3.605970502905329e-05,7285
20130928,0.05380182498493885,3.549551268585943e-05,7494
20130929,0.05459379005971033,3.0618552671755485e-05,10420
20130930,0.05429592265416844,2.664207662816766e-05,13587
20131001,0.053659553735992856,3.71035652802888e-05,6817
20131002,0.07602571433259928,0.0034383818057736313,2
20131003,0.05650654982641144,2.9116962498331162e-05,12526
20131004,0.05587934672286149,2.8732343917078357e-05,12514
20131005,0.05480731124619477,2.6606974348795855e-05,13927
20131006,0.05506696357368414,2.601506090467064e-05,14733
20131007,0.05388511452894089,2.465754144787757e-05,15585
20131008,0.05462532490998763,2.5146828402833804e-05,15469
20131009,0.05511699352464239,2.5571286955573496e-05,15282
20131010,0.05583329327005666,3.0536015296768017e-05,11057
20131011,0.057281248428324584,4.087563015223736e-05,6577
20131012,0.05623649915946682,3.971881604406147e-05,6652
20131013,0.058508727145609486,5.1863007843722526e-05,4314
20131014,0.0567033584406983,5.285095449592722e-05,3835
20131015,0.056174949902132267,6.578957268370211e-05,2418
20131016,0.05722092372906468,0.00010668068509188736,963
20131021,0.057136787744653805,0.0001464644271618781,509
20131022,0.05625120918683312,5.943131463179507e-05,2973
20131023,0.05516721069438212,4.69510720909728e-05,4543
20131024,0.05513557159762179,6.274818897260632e-05,2540
20131026,0.05595590795934317,4.388599242082545e-05,5382
20131027,0.05628990219409046,3.36419292462896e-05,9294
20131028,0.05735296325309869,3.115693256907922e-05,11356
20131029,0.0558775696192889,2.6359705107155355e-05,14867
20131030,0.05478222070463042,2.612311752468053e-05,14432
20131031,0.05729599190160503,4.29317374559241e-05,5966
20131101,0.05256224629685118,2.5128495140054277e-05,14190
20131102,0.05398363310494797,2.269357872731768e-05,18477
20131103,0.05850339884270502,3.33570433530249e-05,10426
20131104,0.05711863108241615,2.7907005534525958e-05,14009
20131105,0.05593554689303605,2.6663605924080525e-05,14567
20131106,0.05654393511132474,2.6691919261693722e-05,14930
20131107,0.057565910169770584,2.994290355138441e-05,12412
20131108,0.0565843443621318,3.3230178722409815e-05,9650
20131109,0.054273019346415555,3.180244776512731e-05,9526
20131110,0.05670117961171143,4.013622309537178e-05,6649
20131111,0.05777526057406668,4.860199735576149e-05,4755
20131112,0.05769360600996058,5.5357710981125663e-05,3652
20131113,0.05831355553460624,6.452458706099271e-05,2763
20131114,0.05902291054724196,0.00010038892461873104,1178
20131120,0.05730576348438644,6.533663332142811e-05,2577
20131121,0.05594032977825036,6.477224068919634e-05,2469
20131122,0.05860916763014906,6.695452023733876e-05,2600
20131123,0.05630918269973575,4.527892346223599e-05,5135
20131124,0.056234284368097735,3.8786373611214216e-05,6975
20131125,0.05582014837766465,3.361494751592737e-05,9119
20131126,0.05657260968753134,2.8998893821369708e-05,12665
20131128,0.05739726199044502,2.8350994556149406e-05,13742
20131130,0.05357856279303004,3.653922857086578e-05,7005
20131201,0.05414933448569066,4.5402719163071125e-05,4649
20131203,0.05559442058344808,3.893626785684742e-05,6730
20131204,0.05607010760257478,2.4596971677780686e-05,17219
20131231,0.05555486514461821,2.37981576260551e-05,17984
20140101,0.055375712810374886,2.3957752507407997e-05,17607
20140102,0.05572422965185017,2.3742954498145616e-05,18202
20140103,0.054730281410217546,2.2762688585718243e-05,18965
20140104,0.051274250820487324,2.291697518572872e-05,16180
20140105,0.052651179038476395,2.4007491311773602e-05,15604
20140106,0.05628590040277167,3.0530344987864015e-05,11283
20140107,0.05591889645939306,5.0051592344474895e-05,4131
20140110,0.05664931986792258,4.392008566374883e-05,5540
20140111,0.05724783820672933,5.217362241305074e-05,4031
20140113,0.05671969210898908,0.00010181964648377384,1034
20140121,0.05540915384178911,3.685267826719178e-05,7452
20140125,0.05504144475429561,5.182744699636864e-05,3708
20140126,0.052753786115920374,9.032831830686397e-05,1107
20140127,0.05418875631279427,2.2795487392354724e-05,18474
20140128,0.05436799151522692,2.287238776442202e-05,18492
20140130,0.0527707589085302,2.3037332623099043e-05,17031
20140131,0.05323497807196131,2.889045607196778e-05,11043
20140201,0.055595750806785894,2.392341472995554e-05,17828
20140202,0.05593065398871732,2.398064239293282e-05,18005
20140203,0.05336886972475603,2.3632048519268224e-05,16598
20140204,0.05280881657329198,2.544569542705085e-05,13982
20140205,0.054180920701882906,3.0824465042896866e-05,10100
20140206,0.05416660874027062,3.321909882513224e-05,8691
20140207,0.05174963262879095,3.1538819455340425e-05,8710
20140208,0.05367488148937431,3.670342670489062e-05,6971
20140209,0.05469085959882354,4.594553780223633e-05,4647
20140210,0.05238375146320239,5.4722271137111544e-05,2970
20140211,0.05044899953601174,6.92163447338219e-05,1716
20140318,0.0585258482269575,0.00012638502767097775,727
20140319,0.06338784335881227,0.00012015849872736855,997
20140320,0.060827985906427254,6.633535807960645e-05,2923
20140321,0.06123527214510013,7.278624077370188e-05,2472
20140322,0.05993335165277032,5.2944761110313344e-05,4410
20140323,0.05978030319367783,4.897970354279652e-05,5118
20140324,0.05516099432883209,3.334759569501314e-05,9003
20140325,0.05882510871802937,4.569454069062033e-05,5636
20140326,0.059280297672969814,3.2220467479453734e-05,11567
20140327,0.061158266362964474,5.445757968140995e-05,4401
20140329,0.06144495590090749,4.8877094354004075e-05,5533
20140331,0.059264137928969084,0.00043993688543246236,62
20140403,0.05996879566533765,3.471139117209185e-05,10276
20140404,0.055491723488391174,3.100946035180364e-05,10563
20140406,0.05659373320350008,3.888309697000053e-05,7051
20140407,0.05581180450175347,4.604190500768021e-05,4859
20140408,0.055405567041859644,4.6775200261446076e-05,4625
20140409,0.05500562288556576,0.0002191829505716684,207
20140410,0.059317395224725476,6.941892809857541e-05,2496
20140416,0.06299142836464987,0.00016655640412097542,510
20140417,0.060868486384220426,8.541883410090093e-05,1766
20140418,0.05649123777023552,0.00014467779105061486,507
20140524,0.03992025818936376,2.8032605798582826e-05,7604
20140525,0.04231531371500286,1.875437641716023e-05,17881
20140526,0.04024228729787235,1.850843683229033e-05,17548
20140527,0.04218961834982036,1.890956395454255e-05,17535
20140528,0.04008141811734755,1.9729166240848832e-05,15397
20140529,0.040136429340095287,1.831748566708324e-05,17880
20140530,0.04379299671472395,1.901710768562301e-05,18079
20140531,0.043468682462802194,1.8771783156422996e-05,18389
20140601,0.045771688755114774,2.2658069133810996e-05,13519
20140602,0.045438040681212266,2.6791497670799033e-05,9567
20140603,0.046163912713320814,2.4939858458067022e-05,11302
20140604,0.04090083362790106,2.6676056710456433e-05,8559
20140605,0.041282304209952644,3.162392890103703e-05,6140
20140606,0.04011052504492951,2.6838135796753958e-05,8325
20140607,0.039512525433415546,3.575785598788063e-05,4640
20140608,0.04386619915828137,6.752272779546316e-05,1437
20140609,0.04426270574325676,0.00010848990791012884,563
20140615,0.046518981398121904,6.146313093117288e-05,1883
20140616,0.047143787926853815,3.9180155623492175e-05,4734
20140617,0.0457148073416174,3.628116751644373e-05,5263
20140618,0.045017716272157865,2.6275717532566632e-05,9817
20140619,0.040232370944316996,2.7407567005600915e-05,8001
20140620,0.04251939152603412,2.646350495342144e-05,9026
20140621,0.04179761583953687,2.4478923960497666e-05,10367
20140622,0.03996463983833277,2.46713854728594e-05,9825
20140623,0.04152164562183368,1.946841901261175e-05,16287
20140624,0.03940450545444438,2.1714063122460857e-05,12560
20140625,0.04428841956252454,2.1734689018473633e-05,14038
20140626,0.04456971601119985,2.2197199646253e-05,13571
20140628,0.046896826749151424,3.1189391013585994e-05,7407
20140629,0.0476026103299486,2.3893635311636354e-05,12936
20140630,0.04696905794616795,2.3632024955014658e-05,12934
20140701,0.04792433794148797,2.4175017370538582e-05,12783
20140702,0.0455189964414515,2.266587175803255e-05,13401
20140703,0.046419067832028524,2.4232845318231507e-05,12073
20140704,0.046481275979015794,2.775268804779474e-05,9224
20140705,0.04573083880985464,3.050837444855637e-05,7447
20140706,0.04539077390676572,2.860825380944315e-05,8378
20140707,0.043845798188679105,3.1531362208892715e-05,6586
20140708,0.04584971404840434,3.928278062297813e-05,4509
20140709,0.047749286116007456,6.280699543901912e-05,1882
20140714,0.04986829881670397,7.504262822243054e-05,1427
20140715,0.048964177629659815,4.5203561233490705e-05,3799
20140716,0.045321881527778864,3.736367515710193e-05,4901
20140717,0.04753265190158711,3.9419242182849556e-05,4741
20140718,0.04918257081272823,3.66439856261413e-05,5829
20140719,0.0479325430462044,2.8801104778374952e-05,9009
20140721,0.04628971832677896,2.064957677772746e-05,16555
20140722,0.04631955876643213,2.1394178162533177e-05,15438
20140723,0.045621795615574376,2.0629659867385683e-05,16230
20140724,0.04637727394197335,2.2270804213575527e-05,14274
20140725,0.046995857407335105,2.2571557267506494e-05,14191
20140726,0.0484224318006456,2.4925654773774272e-05,12245
20140727,0.04606901303788443,1.9636709201316403e-05,18174
20140728,0.04816941142177701,2.0674016099446296e-05,17635
20140729,0.046406199691045216,1.96058300839127e-05,18436
20140730,0.04851509212287484,2.302275233940092e-05,14402
20140731,0.04585540114754957,2.016774390733045e-05,17110
20140801,0.04703562804440801,2.27276303455316e-05,14016
20140802,0.04551484063289089,2.1769046033108502e-05,14526
20140803,0.04716783911481648,2.3811263521049535e-05,12828
20140804,0.04735828747507649,2.694715199251529e-05,10083
20140805,0.04948955381475484,3.983761721753819e-05,4990
20140806,0.04884239968427024,3.4588490857682376e-05,6459
20140807,0.04900489454329154,4.64009281124196e-05,3611
20140808,0.048642799840247,7.509781852206464e-05,1360
20140813,0.05048506117102027,8.888810798478583e-05,1042
20140814,0.049245555702175765,4.167679304099837e-05,4517
20140815,0.04782881661933162,3.988965593368706e-05,4679
20140816,0.04669637952607138,3.255560149892572e-05,6752
20140817,0.04787606577994858,2.545801579435961e-05,11507
20140818,0.047879316999821994,2.6150401522398154e-05,10907
20140819,0.04909938900069188,2.3228233823082795e-05,14461
20140820,0.04779204729833835,2.1493389506197667e-05,16095
20140821,0.046893226786198464,2.3275984944992804e-05,13298
20140822,0.047494612955390834,2.1714355446002244e-05,15603
20140823,0.047582190596194826,2.115570754906344e-05,16489
20140824,0.048204897982806874,2.111873319142008e-05,16922
20140825,0.04853766877638803,2.1352016572332504e-05,16758
20140826,0.049200633132375896,2.2053716547617824e-05,16104
20140827,0.04831623976306049,2.1242920052653324e-05,16793
20140828,0.04844124022073921,2.1236228253626477e-05,16881
20140829,0.04779437442200557,2.0588115134644318e-05,17543
20140830,0.04795826507356405,2.217023242533137e-05,15218
20140831,0.04821347858511091,2.2947351923008783e-05,14337
20140901,0.047588856310553936,2.4583695138919386e-05,12214
20140902,0.04758016920445476,2.7895635090519538e-05,9483
20140903,0.047634273509615875,3.4594155557289124e-05,6178
20140904,0.048798751534884346,5.5909673266794274e-05,2468
20140905,0.04988242312107215,0.00010459131417355466,735
20140906,0.049635775846149206,7.88479626729329e-05,1281
20140912,0.04786653284093186,5.252770851879906e-05,2702
20140913,0.04748066234028922,4.158601220688572e-05,4252
20140914,0.047850381254391075,3.0171414979191868e-05,8185
20140915,0.04717326927148394,4.788906634652999e-05,3172
20140916,0.047602651407835705,2.2971036092636557e-05,13996
20140917,0.04640835916702951,2.808974082013352e-05,8982
20140918,0.045941660739883226,2.262946980928315e-05,13628
20140919,0.04691750779992924,2.6690031829457175e-05,10122
20140920,0.04451024099753756,3.195446894165516e-05,6537
20140921,0.043025513288523325,1.9056130595164652e-05,17634
20140922,0.045034982325882364,2.0093526954072305e-05,16796
20140923,0.04716591418797681,2.0211036120503954e-05,17804
20140924,0.046628445376321145,2.1096603858447576e-05,16042
20140926,0.04725612989005903,2.1266029303654693e-05,16132
20140927,0.04797981545228208,2.0980558902118355e-05,17006
20140928,0.04746943123232231,2.066171638090107e-05,17218
20140929,0.043046362293800364,2.1476436620951344e-05,13891
20140930,0.04640299763002864,2.4482167804076976e-05,11822
20141001,0.04966545771049114,2.984710574653911e-05,8950
20141002,0.04991832251822257,3.344310009482204e-05,7199
20141003,0.05123377232052686,4.6030273080290516e-05,4004
20141004,0.051027568593768086,5.172171526650195e-05,3145
20141005,0.05108722553551255,6.398401998114101e-05,2060
20141010,0.048579349154850814,7.217294089780135e-05,1469
20141011,0.045616461484537164,4.3533659957191385e-05,3644
20141012,0.04422148908958429,3.5251952091221866e-05,5326
20141013,0.04600826515547069,3.052515566580192e-05,7506
20141014,0.048047749211210924,3.097371273153762e-05,7822
20141015,0.04568994437337684,4.161574413722845e-05,3997
20141017,0.049601634638001484,3.36047380848145e-05,7043
20141018,0.04598567231943429,4.3205001775235257e-05,3744
20141020,0.04547113829347899,3.9015299098215886e-05,4516
20141021,0.04816028625918551,2.159466959208684e-05,16158
20141022,0.04900588446562462,2.2166855935530502e-05,15823
20141023,0.048495113822663104,2.962261990144089e-05,8693
20141024,0.04675401127961123,2.3421416877331007e-05,13071
20141025,0.048359564307808814,2.1624081755155436e-05,16232
20141026,0.04539527959512223,3.039707844265226e-05,7422
20141027,0.043712550843302674,1.959854397239715e-05,16984
20141029,0.0435411649574899,2.317980658671012e-05,12084
20141030,0.04849644900751788,2.664128654207064e-05,10748
20141031,0.04661965544480137,3.6047275079307615e-05,5493
20141103,0.04278231656038648,4.790332316834861e-05,2773
20141108,0.05083446229702118,0.0001035216414338215,779
20141109,0.044522510811536534,4.5931741585090703e-05,3165
20141110,0.046974251853498725,3.673390057436027e-05,5354
20141111,0.04726809780533627,3.641184744441921e-05,5505
20141112,0.048945392466325406,3.177727515250539e-05,7682
20141113,0.045626278477932984,2.6684051277837327e-05,9702
20141114,0.04540230493295719,2.3486453636917772e-05,12435
20141115,0.04215814984367666,2.3371562774319635e-05,11470
20141124,0.045097295516197615,1.7486535773541653e-05,22220
20141201,0.04206576841463217,3.412574857654169e-05,5368
20141202,0.04346952114083937,3.728636110074062e-05,4661
20141209,0.05004796900037256,0.00022281641250425794,163
20141210,0.04780130110932766,5.834407257535067e-05,2185
20141211,0.04417657580918047,3.4664166394477534e-05,5501
20141212,0.041207512659603394,2.7851654019369936e-05,7903
20141213,0.04691169317476048,3.0479513535369726e-05,7760
20141214,0.04394133611750565,2.724524434691009e-05,8845
20141215,0.04513246027539039,2.0371462156912097e-05,16390
20141216,0.04733996778103198,1.8936503451132376e-05,20405
20141217,0.04675411001724344,1.858779434782843e-05,20753
20141218,0.047090970086641204,1.8791017307792044e-05,20543
20141219,0.042053983359666314,1.6618611289508347e-05,22629
20141220,0.04183738966785008,1.9353180717804002e-05,16601
20141223,0.040688153482487444,1.6358929075050022e-05,22660
20141224,0.04236351641351065,2.753006512148153e-05,8308
20141229,0.04511596969311503,2.441695113971951e-05,11403
20141230,0.040787254026401105,3.4443209394656185e-05,5122
20141231,0.039865568529218895,3.0370427351671983e-05,6472
20150101,0.04594730598157284,4.860994189702355e-05,2954
20150520,0.04944082548009546,0.00014110508405623274,397
20150604,0.049620352011023,9.35737398578314e-05,909
20150605,0.04396485746162072,5.335396409736007e-05,2308
20150606,0.046405091638881034,4.297487709178335e-05,3837
20150608,0.047590935101255095,2.7701584994945265e-05,9620
20150609,0.04858479823697292,2.7147255822698992e-05,10385
20150610,0.042614513297057816,2.095030367992116e-05,14436
20150611,0.047014924511436386,2.0657359805121494e-05,16954
20150612,0.04353171237057786,1.9597589896657504e-05,16901
20150613,0.042393750645283994,4.296839923225258e-05,3413
20150614,0.04436118831784158,2.049124181219651e-05,15827
20150615,0.04710309720397257,2.1290773843054765e-05,16009
20150616,0.04714199847849936,2.1215887558032108e-05,16144
20150617,0.046856569774844564,2.078341299997495e-05,16658
20150618,0.04694728143584017,2.2309538821947112e-05,14502
20150619,0.047041472502416914,2.2083172797400617e-05,14849
20150620,0.047062050499808224,2.170986396216712e-05,15375
20150621,0.049552555523522224,2.275239967939113e-05,15335
20150622,0.04986261546033089,2.452823877262773e-05,13354
20150623,0.05004541076844126,2.672063762318826e-05,11333
20150624,0.05068933734614271,3.242591812465143e-05,7894
20150625,0.049991363862781926,3.5124169953795216e-05,6545
20150626,0.050896410338599755,4.099437866530152e-05,4980
20150627,0.049964349398494104,4.709990956903651e-05,3636
20150628,0.05166174214127293,6.419197832956644e-05,2095
20150704,0.04997549221177416,5.602415971406297e-05,2571
20150705,0.05048305731833402,4.333856599163536e-05,4383
20150706,0.049824813444085216,3.881445160950967e-05,5325
20150707,0.05084825241868245,3.47882276860001e-05,6902
20150708,0.049226651517017404,2.8742871879666206e-05,9490
20150709,0.05056660687627345,2.6537996906194114e-05,11728
20150710,0.050512417542130914,2.3714027714865132e-05,14656
20150711,0.04932134195424635,2.176120589384888e-05,16616
20150712,0.050865060900467066,2.3741605123829448e-05,14829
20150713,0.050806434332193354,2.8472991981024942e-05,10286
20150714,0.049259545020465055,2.2852122041177302e-05,15032
20150715,0.04909419278323961,2.2258778129042834e-05,15745
20150716,0.048512579074396794,2.090328051922569e-05,17469
20150717,0.0487061154227514,2.225034713195998e-05,15529
20150718,0.04818247764259214,2.1192915064892583e-05,16790
20150719,0.047975081811441625,2.1582416457556264e-05,16068
20150720,0.04938314735773641,2.3220213168675435e-05,14628
20150721,0.0501976047429388,2.361471452012687e-05,14597
20150722,0.05086608081772737,2.7703906119140758e-05,10891
20150723,0.04960630555295362,2.6446110455746963e-05,11374
20150724,0.05009212940127495,3.0500534516099394e-05,8714
20150725,0.0486152540153652,3.0167848415803646e-05,8419
20150726,0.04878251385388099,3.565432815728856e-05,6065
20150727,0.04885895278768147,4.238998785859239e-05,4303
20150728,0.048689646948429637,5.9177551839729314e-05,2194
20150802,0.050367215534832505,7.725557813533013e-05,1373
20150804,0.049271466281906005,3.845795678898748e-05,5310
20150805,0.048878103827076254,3.4657288721686144e-05,6442
20150806,0.048228245064441545,2.8887273480710852e-05,9052
20150807,0.04877276541071395,2.7777140178849172e-05,9989
20150809,0.047876443253457066,2.304345983436864e-05,14045
20150810,0.04691153971994406,4.8841671414817666e-05,3022
20150811,0.04688993998688493,2.126183296195993e-05,15935
20150812,0.04717766141400837,2.0754318840315178e-05,16891
20150813,0.048244152219798504,1.999795846842925e-05,18899
20150814,0.04778971738229344,1.9691881950463817e-05,19173
20150815,0.0467168228458554,1.8559467922189903e-05,20790
20150816,0.046956850288272456,1.894593510030101e-05,20115
20150817,0.046950982451848165,1.857818428629054e-05,20915
20150818,0.04628987297984229,1.824472177884305e-05,21207
20150819,0.04769930492207218,1.960340360137726e-05,19284
20150820,0.04829006515993915,2.149546288691628e-05,16385
20150821,0.048087531038627444,2.27908981155567e-05,14468
20150822,0.04728258151807763,2.384133425068199e-05,12847
20150823,0.047388858633570154,2.6755456402270293e-05,10239
20150824,0.047625116515637625,2.9798191879195904e-05,8324
20150825,0.04745590666971578,3.550539059384123e-05,5828
20150826,0.04706184860692389,4.442945178257198e-05,3671
20150827,0.047211152537374915,8.534726002937047e-05,1000
20150831,0.05026868157102864,9.609378458696338e-05,884
20150901,0.04805692335365696,5.592664872147735e-05,2400
20150902,0.04631588792825093,3.763582087818553e-05,4988
20150903,0.045528541483589036,3.076102160871325e-05,7278
20150904,0.04629790138050353,2.8211360260291215e-05,8872
20150905,0.04676279853315011,2.4211007341180844e-05,12236
20150906,0.047126353870663704,2.144384745438525e-05,15794
20150907,0.04837932585933635,2.0948744850767792e-05,17308
20150908,0.047431010835273194,1.9135928827341065e-05,20046
20150909,0.047264184440263965,1.827201520917057e-05,21858
20150910,0.04668943062798748,3.8789611374804594e-05,4755
20150911,0.04743715348634089,1.8401394773184658e-05,21683
20150912,0.04877333316611997,2.403131764712652e-05,13346
20150913,0.04759737966642792,1.8527276274134704e-05,21511
20150914,0.04719011380482771,1.823090786534475e-05,21900
20150915,0.04714341567332435,1.814375270984377e-05,22075
20150916,0.04708266865487532,1.784549857488132e-05,22771
20150917,0.045683605089560125,3.773657449670932e-05,4860
20150918,0.048946989345511574,3.14403485144745e-05,7848
20150919,0.04773461973916099,4.0954004457546794e-05,4424
20150920,0.04843071042792963,2.1918690682514463e-05,15840
20150921,0.04824809161628339,2.4136965639040016e-05,12975
20150922,0.04792754689175027,2.609905580429784e-05,10969
20150923,0.048578178132887055,3.1066623180510623e-05,7928
20150924,0.0488109781125489,3.987986537651178e-05,4853
20150925,0.05259527381952329,7.940628301676931e-05,1423
20150927,0.04466252046960168,0.00016820206377647623,237
20150929,0.048445419796524954,0.000129646510142149,453
20150930,0.04589208890187612,5.189701797726487e-05,2587
20151001,0.04702602239453455,6.173502721697304e-05,1899
20151002,0.04676786679551395,3.2429935670350875e-05,6821
20151004,0.047097086155918906,2.438044339414999e-05,12206
20151005,0.04798743579711818,2.2822275803476265e-05,14376
20151006,0.04775627416998956,2.0456055217014397e-05,17746
20151007,0.04830659802265525,1.9072564855817532e-05,20825
20151008,0.047893749670370196,1.8340212535963923e-05,22186
20151009,0.04556328883905773,6.547921649931052e-05,1608
20151010,0.046718686423622306,2.717474219886396e-05,9698
20151011,0.04744542719844466,1.780948613248208e-05,23155
20151012,0.04772340523908213,1.7797183348848303e-05,23417
20151013,0.04808944304955332,1.7558270589138512e-05,24378
20151014,0.04636077443106937,2.4027845404157434e-05,12256
20151018,0.04912177632810443,3.692951686299141e-05,5726
20151019,0.048749466185683266,3.579202012765944e-05,6011
20151020,0.05029288312074485,2.3695568071464105e-05,14552
20151021,0.05017038146395473,2.895169937737e-05,9701
20151022,0.07578707480665947,0.002796154181439005,3
20151029,0.04687521390715977,6.071778499073739e-05,1953
20151030,0.04648012211193124,6.571633542095556e-05,1645
20151101,0.045049358141108636,3.802965245285271e-05,4691
20151102,0.04787389607589662,2.76756844664514e-05,9736
20151103,0.04540691066850909,4.274887483200065e-05,3754
20151104,0.04804264351703121,3.6479547630492875e-05,5638
20151106,0.04869546072049161,1.8249917105594352e-05,23074
20151107,0.04818006561728309,1.9135846405637146e-05,20592
20151108,0.04817018600378114,1.8365357314940237e-05,22348
20151109,0.04860120447234414,1.7857104605703272e-05,24016
20151110,0.04827792909212568,2.8290636022688216e-05,9455
20151111,0.04843281006923882,1.8272130945090502e-05,22795
20151112,0.04804646744111662,1.8417050171628554e-05,22123
20151113,0.048379843450887056,1.791639722583368e-05,23663
20151114,0.04813109981906713,1.7949976719270194e-05,23361
20151115,0.04829364838545728,1.9155624044681034e-05,20635
20151116,0.048910484024822565,1.931583161693556e-05,20764
20151117,0.04969030083791756,2.051756782714351e-05,18958
20151118,0.04921503999211574,2.204264689473551e-05,16129
20151119,0.04984467975265628,3.0880937762852217e-05,8419
20151120,0.0499665585714532,4.3861985561170116e-05,4193
20151128,0.049764941629422216,5.433558870229622e-05,2711
20151129,0.048549610343181844,3.34603930837749e-05,6827
20151130,0.04693705370117542,6.582957064650788e-05,1665
20151201,0.04834036786236829,3.609395637512035e-05,5822
20151202,0.048500021396854665,2.316153626252312e-05,14222
20151203,0.04980683388734547,2.3266136964039344e-05,14810
20151204,0.049012978266910714,2.629006833160999e-05,11252
20151208,0.0495964651352165,2.2247552189903227e-05,16066
20151209,0.049696015056938,1.7745909078433727e-05,25348
20151210,0.04931302659056921,1.731227200210754e-05,26245
20151211,0.048798854281639506,1.8498035789782408e-05,22546
20151212,0.049156292945805584,1.67385911154985e-05,27908
20151213,0.04863440022063052,1.779968588274696e-05,24201
20151214,0.04876029264354944,1.7902978550585176e-05,24035
20151215,0.049149208894140956,2.1188519588160143e-05,17412
20151216,0.04977056845670182,2.2028292090027993e-05,16498
20151217,0.04835373586170206,2.286329147754271e-05,14517
20151218,0.04872014014708572,2.4766004153487832e-05,12541
20151219,0.04903623596068091,2.7355121626608045e-05,10402
20151220,0.04982776183038611,3.239161202863449e-05,7647
20151221,0.04927581376676488,3.606508042476759e-05,6039
20151222,0.05109738342902224,5.439003587422425e-05,2852
20151228,0.049516944141349974,3.65232215505782e-05,5943
20151229,0.050122448672012106,3.379332589345586e-05,7107
20151230,0.049739459068171635,2.8070144634599352e-05,10148
20151231,0.050129243846884476,2.662161334135379e-05,11455
20160101,0.04969184437135461,2.396829130649634e-05,13893
20160102,0.05068853850872204,2.2900678184098998e-05,15826
20160103,0.05080841246542772,2.09417976863301e-05,19016
20160104,0.04924176149385171,1.7560199664935977e-05,25440
20160105,0.048439730563196295,1.6375302720936095e-05,28389
20160106,0.04888693928232834,1.6998351588602727e-05,26788
20160107,0.04842392896205901,1.6510120645226183e-05,27911
20160109,0.04896677066714163,1.754336534981617e-05,25225
20160110,0.050052003798439056,1.8184652874357367e-05,24476
20160111,0.04898078554779625,1.694381938076983e-05,27056
20160112,0.04869265457819433,1.7188493305251078e-05,26009
20160113,0.04769136442355418,2.3536280401562117e-05,13374
20160115,0.04710287806263375,2.0829979178877097e-05,16725
20160116,0.04729527972892432,2.3917485293183736e-05,12771
20160117,0.0482216040864921,2.451768541000628e-05,12563
20160118,0.048699032540937694,2.9073522113430114e-05,9093
20160119,0.04862231296389631,3.401506770987316e-05,6624
20160120,0.04944545715894535,4.7670447376190194e-05,3479
20160121,0.04783359884980489,7.064634326590274e-05,1492
20160126,0.05630738882862472,0.0002676027233631586,147
20160127,0.0499023219734611,3.659065489241228e-05,6010
20160128,0.05047253864491912,3.202190967239227e-05,8025
20160129,0.04993639825463311,5.70799250803762e-05,2473
20160131,0.04763748977782672,3.145604001730484e-05,7473
20160201,0.04779285621488886,2.800313941585659e-05,9482
20160202,0.04839755809930294,1.720501258695406e-05,25677
20160203,0.047726475798223394,1.6817692922445376e-05,26227
20160204,0.04799683889222678,1.6451001695675605e-05,27677
20160205,0.047685354322412644,1.636453537075815e-05,27659
20160206,0.048028992986143285,1.6881824889507445e-05,26313
20160207,0.04713465698102223,1.6734058909733394e-05,25943
20160208,0.04782626227042264,1.653579124877632e-05,27226
20160209,0.046879185262981564,1.7028377776175834e-05,24834
20160210,0.048119981754382826,1.693839750199507e-05,26224
20160211,0.04839313670102398,1.720394758300268e-05,25676
20160212,0.04920832395746252,1.9094310194253923e-05,21489
20160213,0.04831777627231624,2.1796312351053448e-05,15952
20160214,0.04878375706950943,2.3323382721358278e-05,14174
20160216,0.05049327142280561,5.4635177637944035e-05,2759
20160217,0.05138456025078591,8.327017624416058e-05,1231
20160225,0.0605657645750686,0.00010229349069670135,1215
20160226,0.057702950966817844,9.639176643761518e-05,1205
20160228,0.05809425254743156,0.00013049348270151163,669
20160229,0.05555995097904654,3.4440022611442967e-05,8589
20160301,0.055573589618229634,2.8440969521070084e-05,12602
20160302,0.055256056276760994,2.5561102328962674e-05,15387
20160303,0.054312129292533366,2.2666643951713028e-05,18784
20160304,0.054672205260439255,2.2447146008280563e-05,19453
20160305,0.053985849498062136,2.0898768197593172e-05,21789
20160306,0.05432891167908139,2.464793149296196e-05,15897
20160307,0.05484854972111183,2.1482509539717967e-05,21402
20160308,0.05449505295183327,2.1008591924691048e-05,22039
20160309,0.05493282605231096,2.1468200643803928e-05,21509
20160310,0.054763540827160555,2.292826878489605e-05,18719
20160311,0.05449664812399701,2.2224389866087038e-05,19695
20160312,0.05456976803832136,2.2926916757639126e-05,18565
20160314,0.05478050117049775,2.634023765769779e-05,14194
20160315,0.05523474121620128,3.113087575237077e-05,10364
20160316,0.0549132364176627,3.771036356682581e-05,6965
20160317,0.0552039359939956,4.454986068584662e-05,5054
20160318,0.05515553316028617,5.657735287952743e-05,3127
20160325,0.05518071326894853,7.989040989953641e-05,1570
20160326,0.054232433460806126,4.723873224616872e-05,4310
20160327,0.05473085036832435,3.8662548353208405e-05,6574
20160328,0.05443508509894339,3.416887674893392e-05,8310
20160329,0.054626820224488844,3.0760196116487325e-05,10339
20160331,0.05489985124758126,2.4337057644650346e-05,16713
20160401,0.054804196595323984,2.367751703567835e-05,17584
20160402,0.05470603900689652,3.122487250823446e-05,10068
20160403,0.054939810741087454,2.174305503869008e-05,20975
20160404,0.054285064303445554,2.458451522284543e-05,15949
20160405,0.054780313433628776,2.1672675723224098e-05,20966
20160406,0.05492884690620045,2.197381865136714e-05,20527
20160408,0.05497527631044942,2.161548671862338e-05,21256
20160409,0.05433336554208527,2.1247771888912398e-05,21396
20160410,0.05415067637207699,2.1395739056230254e-05,20936
20160411,0.05472997454479517,2.263695913156742e-05,19176
20160412,0.05518681847255878,2.635993098128586e-05,14425
20160413,0.05432524573895727,3.0950918512995053e-05,10080
20160415,0.05910442439364385,0.00018915725756248828,333
20160416,0.05862340536191287,0.00012363504459080997,763
20160424,0.056216194134137615,6.309149597818435e-05,2634
20160425,0.05656073664186342,4.8766926543124126e-05,4476
20160426,0.055541842822163255,3.932339867309514e-05,6583
20160427,0.0560035385135455,3.6228757480995964e-05,7914
20160428,0.05535620056859046,3.074810657402459e-05,10680
20160429,0.0552736566513035,2.7808936119980746e-05,13010
20160430,0.055129889886862384,2.4722138598895088e-05,16359
20160501,0.05532336976789752,3.921695295333841e-05,6556
20160502,0.053885005910130894,2.2326596868922623e-05,19009
20160503,0.05367582456841034,2.2178755419696574e-05,19092
20160504,0.054017691559599415,2.2259326993846064e-05,19233
20160505,0.05441311589840732,2.2708734304549918e-05,18796
20160506,0.055375930496761955,2.4189088487329167e-05,17272
20160507,0.05727230098829523,3.8065290825446376e-05,7581
20160508,0.05398071988842757,4.904146947773536e-05,3956
20160511,0.058202810723100296,6.843803568490314e-05,2444
20160512,0.054106532949206664,2.9943388567176872e-05,10669
20160513,0.05488146787255527,3.328286417667512e-05,8929
20160514,0.054912300995177035,3.885622035245595e-05,6560
20160515,0.054786193839492424,4.8614047945278626e-05,4168
20160516,0.05421960236653683,5.699603645427904e-05,2959
20160524,0.0551066215564837,5.881951173573177e-05,2887
20160525,0.054274690898735434,4.3564012194010665e-05,5077
20160526,0.0537954448474904,5.089579892099405e-05,3644
20160527,0.05450497353158732,3.156172857737744e-05,9769
20160528,0.05435971882833266,2.9217930512905967e-05,11328
20160529,0.05431252030956226,2.6769074806674405e-05,13468
20160530,0.054255776328284426,2.49135081471041e-05,15511
20160531,0.05384473133161114,2.369134001822822e-05,16853
20160601,0.05392503297090882,2.382483147576e-05,16722
20160602,0.05386225200357602,2.410702664714875e-05,16289
20160603,0.054603164728222776,2.4704162017715954e-05,16013
20160604,0.05413624004450737,2.500240846335172e-05,15322
20160605,0.053819804069469256,2.354222668947658e-05,17049
20160606,0.05327812546112898,2.3457704854962594e-05,16781
20160607,0.05461908155351404,2.442007999882323e-05,16399
20160608,0.055278550716433165,2.6732350878656897e-05,14082
20160609,0.05534063512054885,2.752252428114006e-05,13321
20160610,0.054335167823910784,2.6891161428496693e-05,13359
20160611,0.05536240010780257,3.1291622333995334e-05,10315
20160612,0.05443239934836631,3.5046730817474614e-05,7898
20160613,0.053975064569902295,4.05917927007033e-05,5773
20160614,0.053579202202660076,4.564005755898249e-05,4490
20160615,0.053334151099902465,5.0904239810216965e-05,3572
20160617,0.05857487408063523,0.00015752492870419382,469
20160622,0.056916585475392086,0.00011647946173067687,797
20160623,0.05625591239052326,5.88563172501073e-05,3032
20160624,0.05794463415109741,5.020386354898295e-05,4490
20160625,0.05644593207034645,4.011988659084084e-05,6580
20160626,0.054827629669337095,3.277749653773067e-05,9185
20160627,0.054779300531911206,3.261386039899539e-05,9258
20160628,0.05492149716007853,2.6907705166646086e-05,13685
20160629,0.05431232974407582,2.53812339989202e-05,14981
20160630,0.054364651405150025,2.4753473876762756e-05,15786
20160701,0.05465523996455777,2.462532411333419e-05,16152
20160702,0.05401816311638592,2.4497100424791847e-05,15880
20160703,0.053961049296165506,2.3862473648149747e-05,16695
20160704,0.054705326749762584,2.516029329007326e-05,15506
20160705,0.05431412788455183,2.4261504809306756e-05,16397
20160706,0.05416273051220827,2.4183413165371167e-05,16396
20160707,0.05491505246260186,2.5274029301508664e-05,15507
20160708,0.05553232900051371,2.5719727219660893e-05,15382
20160709,0.05507307198529154,2.5795370079837553e-05,14989
20160710,0.05553026212237755,2.8854766387909215e-05,12220
20160711,0.05461234166518092,3.120510782180184e-05,10040
20160712,0.054868872972376734,3.5938444168107114e-05,7654
20160713,0.05557856810406586,4.098425403673413e-05,6070
20160714,0.05562967000999086,4.399673803823979e-05,5279
20160715,0.056556868539983214,5.3153958016364356e-05,3767
20160716,0.05663512205968526,7.223093896471961e-05,2047
20160717,0.058323086283914985,0.00019989930538647071,288
20160721,0.06170765412141906,0.0005576599308187537,43
20160722,0.05732291764085944,7.578227779066584e-05,1917
20160723,0.05722661043675879,5.8275602741901956e-05,3228
20160724,0.05771984002190662,5.13031589358214e-05,4257
20160725,0.05807344879660567,4.521585217414346e-05,5567
20160726,0.056522762749553944,3.4551225397356183e-05,8902
20160727,0.05674685027940722,3.381337244229169e-05,9387
20160728,0.05521435619649198,2.628116078778508e-05,14529
20160729,0.05468231260271724,3.335136239770823e-05,8816
20160730,0.05545651499326445,2.5171706779672833e-05,16006
20160731,0.05473813042078685,2.6008244373912537e-05,14532
20160801,0.055191543122484255,2.4867294810527493e-05,16212
20160802,0.055012147196254656,2.581816457303336e-05,14923
20160803,0.05706010192002383,2.728979085275409e-05,14612
20160804,0.05770808413301604,2.83728957718289e-05,13911
20160805,0.05775452977606233,2.8239166028371236e-05,14072
20160806,0.05694060082097457,2.6951717693140408e-05,14902
20160807,0.05508313043191566,2.480874209036493e-05,16212
20160808,0.05646424306771135,2.7485483014350767e-05,14031
20160809,0.05721730968618215,3.05448315003556e-05,11745
20160810,0.057260984558922784,3.468703962014113e-05,9125
20160811,0.057006881228042504,3.6286843908542336e-05,8245
20160812,0.056341340513760836,3.745491638297985e-05,7515
20160813,0.05569877856188953,4.321216369589582e-05,5489
20160814,0.055869453404844456,5.172271676026234e-05,3860
20160820,0.05616339431588113,8.17817875352425e-05,1564
20160821,0.05559448818896049,5.908103396059746e-05,2923
20160822,0.055538551173056984,4.809014376547613e-05,4401
20160823,0.054191929037989965,3.819267021661052e-05,6582
20160824,0.053928211075976104,3.417314184833911e-05,8129
20160825,0.053596777173696035,3.115808773735985e-05,9641
20160826,0.0555662276166008,2.6904430147393926e-05,14078
20160827,0.05542897556060943,2.4909589723435037e-05,16325
20160828,0.055240715489329364,2.4345946379911e-05,16950
20160829,0.056272801269423856,2.4725386229604446e-05,17193
20160830,0.05507447585976309,2.3321340960782834e-05,18339
20160831,0.05527807220921299,2.4186627947013417e-05,17202
20160901,0.05173078795616312,2.041737425094887e-05,20767
20160902,0.05139822836328619,2.0253440714876178e-05,20820
20160903,0.05216575254456078,2.089963516470607e-05,20178
20160904,0.052502803872069397,2.702268075779951e-05,12240
20160905,0.05261746918766487,2.166712135883261e-05,19130
20160906,0.052471959778245654,2.1095801383452955e-05,20058
20160907,0.052807242995965196,2.2410265626211216e-05,18025
20160908,0.053036950295889874,2.429711456722101e-05,15483
20160909,0.052886563811724394,2.800132976122129e-05,11584
20160910,0.05248791136649171,2.862668216895553e-05,10900
20160911,0.0535010522477143,3.298820844646426e-05,8566
20160912,0.053632407018504115,4.05495143096132e-05,5701
20160913,0.05331577632744141,5.178381895434474e-05,3449
20160914,0.053897932518890204,8.873787447009082e-05,1204
20160918,0.05346389791623493,0.00010752438487998624,805
20160919,0.050498460694858076,4.9893562635711944e-05,3309
20160920,0.052282176100405975,5.727220776037995e-05,2700
20160921,0.051236045917102305,3.433720878262935e-05,7196
20160922,0.051169055014920715,2.9347972186778596e-05,9824
20160923,0.051986697994819794,2.728098252385146e-05,11755
20160924,0.053491410897111034,2.3981395722919568e-05,16202
20160925,0.052586616677367415,2.091303640192805e-05,20508
20160926,0.05273182241599506,2.1331704994468636e-05,19831
20160927,0.052770267166828616,2.0857719411462497e-05,20776
20160928,0.052835362446060706,2.0607887567176393e-05,21341
20160929,0.05252645238335254,2.0440641330630293e-05,21413
20160930,0.052663472245675046,2.0985067440535998e-05,20433
20161001,0.052723746727960305,2.0469747940346783e-05,21529
20161002,0.05219046172708948,1.9703713055171262e-05,22725
20161003,0.054172033636542744,2.734493662915054e-05,12829
20161004,0.05230786647074432,1.958907219245717e-05,23104
20161005,0.05318753145286708,2.122851324980993e-05,20412
20161006,0.05312355728322359,2.08592670905607e-05,21084
20161007,0.053525945399816484,2.434711437466194e-05,15742
20161008,0.057041652703947,0.0003365444220680344,96
20161009,0.05370736318965539,2.8718674226365346e-05,11402
20161010,0.054472521628117755,3.72352032994999e-05,7009
20161011,0.05485403209268842,4.100717540058973e-05,5875
20161017,0.0535884233329719,0.00010848533414247784,795
20161018,0.052563817256423624,6.316362527703199e-05,2246
20161019,0.05213477042025041,4.441549871037171e-05,4462
20161020,0.05279746016666619,3.5725014322768436e-05,7090
20161021,0.051771615090908156,2.873794186201676e-05,10500
20161022,0.056120254941571426,7.11918095668328e-05,2060
20161025,0.053076204065119516,2.712122606440405e-05,12447
20161026,0.052031381899138814,9.940535216494212e-05,887
20161027,0.05233868294439132,2.7110521841510182e-05,12078
20161028,0.052231236109429896,1.858295553869684e-05,25592
20161029,0.05298020184312589,1.923334157067015e-05,24650
20161030,0.05315733072945406,1.9379350968354807e-05,24462
20161031,0.054019381338793256,2.065379963053878e-05,22341
20161101,0.052857469573784434,1.955087150691681e-05,23733
20161102,0.05239070509410144,2.714548316129734e-05,12073
20161103,0.05255570083438611,0.00017950474486666066,278
20161104,0.06756336007873608,0.0001318361637070546,989
20161107,0.05447183658187029,2.745353987883569e-05,12893
20161108,0.05409270679918751,2.9499468646983576e-05,10986
20161109,0.054359578532445836,4.053010623471544e-05,5887
20161110,0.05442800592855619,4.385948637271339e-05,5042
20161111,0.05302282138790585,5.4014636619305884e-05,3131
20161116,0.05266547333078855,6.11063156989e-05,2410
20161117,0.05284162661123324,3.934235503897947e-05,5857
20161118,0.05262618865673134,3.3001766214610054e-05,8249
20161119,0.052843314026505425,2.8837676209757146e-05,10902
20161120,0.05201880126189386,2.549447857767153e-05,13478
20161121,0.05265250341481491,3.433771875541364e-05,7628
20161122,0.07132688317062601,0.0005229892522073514,73
20161123,0.05420167143056019,2.453817797536967e-05,15952
20161124,0.05419213269873884,2.214674867557812e-05,19575
20161125,0.05252041471317619,7.462869035886613e-05,1606
20161126,0.05203956358307894,2.8286502963535702e-05,10958
20161127,0.05240029918885225,1.9508469901914983e-05,23385
20161128,0.052777719850709386,1.8658268164833133e-05,25971
20161130,0.053411248773949004,2.159978635853577e-05,19904
20161201,0.03718810553056192,0.002397608093925932,1
20161202,0.07099161300995234,0.0007974056305790725,31
20161204,0.05282909689469752,1.930357215908992e-05,24316
20161205,0.05306964458885599,2.428643132890762e-05,15518
20161206,0.05306937209062561,2.6651399431948068e-05,12886
20161207,0.052663633764536984,2.847574606582834e-05,11097
20161208,0.052970581728141064,3.0070799700946578e-05,10080
20161209,0.05229853757222488,3.404077329123581e-05,7648
20161210,0.05282451058439276,4.167876082579061e-05,5215
20161211,0.07134201003458539,0.00036254165263885737,152
20161215,0.052012539655393125,7.050173796152374e-05,1762
20161216,0.05335464214515037,4.3204214883891085e-05,4963
20161218,0.05549552769965398,0.00010485470957504131,924
20161219,0.05673860607639666,0.00017028330948725632,370
20161220,0.053103516771856256,2.6640645006937332e-05,12915
20161221,0.06515954587354927,0.000204652973542526,371
20161222,0.051932638264054726,2.040759877308239e-05,20960
20161223,0.05259096305800675,3.237476901131196e-05,8559
20161224,0.051629955397149235,2.1477028820321443e-05,18691
20161225,0.05162292434215306,1.8689198803811775e-05,24676
20161226,0.051843796096438896,1.814033495085697e-05,26430
20161227,0.05227371143894602,1.9269034050762814e-05,23844
20161228,0.05237652569168612,2.065464705703653e-05,20841
20161229,0.05253488515933683,1.925688425833398e-05,24135
20161230,0.053417732833582,2.0978097941225993e-05,21107
20161231,0.053189741303317696,2.7269692727001777e-05,12371
20170101,0.05278909933545565,1.9860874672867256e-05,22932
20170102,0.05334937510333881,2.2868002564327838e-05,17711
20170103,0.05289621847451634,2.057887834785775e-05,21456
20170104,0.053245296613651155,2.3659543662904302e-05,16473
20170105,0.05299055557531742,2.5934627974515646e-05,13563
20170106,0.05130118207436088,0.00019401237639083728,226
20170108,0.05274170857585703,3.903734696209189e-05,5924
20170110,0.05506572428206206,0.00014770685319204194,457
20170113,0.05728585995752035,0.00014738301735160562,506
20170114,0.054937536815649196,6.370718203615807e-05,2443
20170115,0.052897183194983544,4.1535862242384264e-05,5267
20170116,0.05366144220295316,4.1305600743923565e-05,5501
20170117,0.05399250310189145,3.641661047058346e-05,7178
20170118,0.05366721676684999,3.5134485470860966e-05,7605
20170119,0.05340970274883984,2.9941078810936926e-05,10358
20170120,0.05667183811814127,3.658066286183594e-05,7994
20170121,0.057248198886847394,3.858576458096676e-05,7370
20170122,0.05320289283731133,2.050785300060499e-05,21886
20170123,0.05244295832368053,1.927922076931166e-05,23987
20170124,0.0524551815538677,1.9188374624959306e-05,24227
20170125,0.05238035419067968,2.385393006135596e-05,15628
20170126,0.05220680074062317,1.899925432685165e-05,24458
20170127,0.052527019887837326,2.104514791775514e-05,20201
20170128,0.05181943925890384,1.7784083260624277e-05,27472
20170129,0.05258427383463251,2.0097040124651876e-05,22205
20170130,0.053950803782232604,2.7768677636334045e-05,12323
20170131,0.05314878350525559,2.2248449061686786e-05,18553
20170201,0.053131444733667633,1.9713886739196206e-05,23613
20170202,0.051487265587410534,2.338268890852875e-05,15677
20170203,0.053039011437769054,2.938841774760998e-05,10584
20170204,0.0515995804970435,3.530569895105428e-05,6908
20170205,0.05246172718681246,3.623702226814354e-05,6795
20170206,0.05019778943643575,3.64674075067916e-05,6121
20170207,0.05082307579276929,5.156730682905727e-05,3138
20170208,0.054566603047144224,0.00010177426943313659,942
20170213,0.058113123916702314,0.00018152884664053104,346
20170214,0.05406885478805073,5.261410913789506e-05,3450
20170215,0.05407073824050065,3.310135626954252e-05,8717
20170216,0.05252790751941786,2.7443420313216924e-05,11880
20170217,0.05363844637288918,2.8345335317458672e-05,11670
20170218,0.05361707176167599,2.337358497960391e-05,17147
20170219,0.05312778599592971,2.6150897284660413e-05,13417
20170220,0.0578048373791062,0.0007149947657199321,22
20170221,0.051918877888521564,1.9031112136472228e-05,24088
20170222,0.051798264038199975,2.086376209647898e-05,19943
20170223,0.051130286389869196,2.0606789143748956e-05,19895
20170224,0.052286494107174626,1.9460304394928883e-05,23390
20170225,0.051838098825814145,1.8718386408109905e-05,24817
20170226,0.05180361371918082,1.898922804725968e-05,24080
20170227,0.05153362860000108,1.8778848798762774e-05,24352
20170228,0.05157191509266937,1.8676927621252986e-05,24657
20170301,0.051708631361861254,1.931170342900994e-05,23192
20170302,0.05999969002177369,0.0001884817830062961,349
20170303,0.05205866979615195,2.262219873754923e-05,17146
20170304,0.052313073031643925,2.5572580221207782e-05,13560
20170305,0.051243184629448796,3.350299972081058e-05,7561
20170306,0.05100010700007684,3.2949197762196815e-05,7741
20170307,0.05181075537654919,4.291531510004791e-05,4716
20170308,0.052719332778637905,5.6117430476708545e-05,2864
20170309,0.05340306940844463,8.922674172453467e-05,1166
20170314,0.05580530832895858,8.241673286658173e-05,1516
20170315,0.053145780046814646,5.7073135534947456e-05,2819
20170316,0.053600728916437704,9.813755711744202e-05,972
20170322,0.05143092128355933,2.3531406884129693e-05,15444
20170323,0.05095745227428981,1.8537134435712588e-05,24415
20170324,0.05222570156808153,2.78715084310789e-05,11374
20170325,0.05164018876025229,1.9309664545283668e-05,23132
20170327,0.0516999694704298,2.027168302279722e-05,21040
20170328,0.051276143167343115,1.9226211744866665e-05,22990
20170329,0.05163798359317231,1.9436510473447545e-05,22829
20170330,0.052012113407052855,1.979964361522853e-05,22340
20170331,0.052417292305481755,2.2000700339087954e-05,18400
20170402,0.05126008854316765,2.577843371717792e-05,12780
20170403,0.051263344716635746,3.3067090746283386e-05,7768
20170404,0.05253435948726317,3.729618244099196e-05,6434
20170405,0.05206050468961326,4.214724644292013e-05,4940
20170406,0.0533104198124789,5.145816590805719e-05,3492
20170407,0.05539424050666221,9.498640515239053e-05,1121
20170413,0.05480447538000998,5.6992573579097934e-05,3035
20170414,0.05434986511355609,4.5692343575919385e-05,4630
20170415,0.053770704639636936,3.6473699862272066e-05,7088
20170416,0.05292857736794227,3.15014445884926e-05,9169
20170417,0.053015245555084765,2.9106800308110153e-05,10779
20170418,0.053325899360465515,2.6532000529119523e-05,13144
20170419,0.05353194748773752,2.3613215261310827e-05,16740
20170420,0.053027965403087296,2.1825511303675975e-05,19181
20170421,0.053028313099521225,2.2596933823523552e-05,17894
20170422,0.053087580114922636,2.1605443934998456e-05,19623
20170423,0.0531528206761061,2.3048695153830532e-05,17290
20170424,0.053320850567907634,2.1697870363889643e-05,19649
20170428,0.053297493466310145,5.92894304874953e-05,2629
20170514,0.0587813812443178,0.0002105256393065543,265
20170516,0.05488203286238552,3.4577684968255494e-05,8273
20170517,0.05480684808319725,3.022518416050762e-05,10792
20170518,0.05564614675745187,2.866752183796116e-05,12443
20170519,0.05561043118587933,2.72795192241461e-05,13720
20170520,0.05521553361588007,2.5040655303094293e-05,16005
20170521,0.05461658127911824,2.2814720469879068e-05,18786
20170522,0.05479824080160062,2.3315893544814213e-05,18129
20170523,0.05492575913152366,2.3821402947501366e-05,17464
20170524,0.05514198575980027,2.383952566452697e-05,17602
20170525,0.053933186798717114,2.4116990075850986e-05,16325
20170630,0.05395664313713746,3.953811112326429e-05,6080
20170701,0.052625433316521045,3.335903684310197e-05,8073
20170702,0.052118356658318814,3.71926832765276e-05,6359
20170703,0.05353884608607809,4.4048764653692906e-05,4812
20170704,0.05304123723146187,5.008784026628614e-05,3644
20170705,0.05361226816606917,7.968544360442088e-05,1475
20170711,0.0545139816962629,7.197916757614095e-05,1879
20170712,0.05311187434505676,5.073662112760539e-05,3562
20170713,0.05357651340088179,4.318262447605244e-05,5015
20170714,0.05405051098265443,3.888895524786183e-05,6310
20170715,0.05392514897276583,3.600478005235535e-05,7322
20170716,0.05368170482070979,3.420476382178785e-05,8029
20170717,0.05299578111489034,2.8862846782324567e-05,10953
20170718,0.05201533201202417,2.4104555336421923e-05,15075
20170719,0.05305393450207502,2.4647251160384733e-05,15057
20170720,0.05154275630024285,2.2457365405370816e-05,17034
20170721,0.05143886957811864,2.299795837643054e-05,16174
20170722,0.05275583997141046,2.426314736618354e-05,15344
20170723,0.052211674872276105,2.3333443451683152e-05,16219
20170724,0.052960168286288106,2.4829742965181967e-05,14778
20170725,0.05218626750671255,2.4810709647179227e-05,14330
20170726,0.05359763633454639,2.6749724254432693e-05,13081
20170727,0.05333438729317274,2.6202986915406285e-05,13481
20170728,0.055395309773527024,2.858572092433083e-05,12378
20170804,0.05541104508381701,6.895020356509819e-05,2129
20170810,0.05624109693616423,7.238953918984875e-05,2003
20170811,0.05524179673193057,5.2858141866287226e-05,3596
20170812,0.054301341250195395,4.3610481134492745e-05,5072
20170813,0.05418742596993496,3.7953291220430055e-05,6664
20170814,0.053957985522694825,3.434097858624738e-05,8060
20170815,0.05494234743158058,3.2355765490603594e-05,9473
20170816,0.05440641004248137,2.7040966379506615e-05,13252
20170817,0.055276166511618666,2.6094779408784327e-05,14777
20170818,0.05554201842713704,2.553578877368181e-05,15611
20170819,0.05525167655608284,2.466814035740486e-05,16518
20170820,0.055141825182293776,2.4612229828467216e-05,16514
20170821,0.054597659872521916,2.3962167485124055e-05,17016
20170822,0.05508752460572291,2.5333741311854007e-05,15550
20170823,0.054659993711002566,2.5196644435228523e-05,15431
20170824,0.054865861295907155,2.548233887188602e-05,15222
20170825,0.05424452545706463,2.534339784116779e-05,14982
20170826,0.05371811532395683,2.402116348465899e-05,16305
20170827,0.05499098345506005,2.9012431166020316e-05,11807
20170828,0.054806561797129894,2.8726836360727188e-05,11947
20170829,0.054555455700352785,2.9898302459853276e-05,10910
20170830,0.05418070138925945,3.474763569324673e-05,7948
20170831,0.05486860754016751,3.7609146826253045e-05,6989
20170901,0.054965228910404715,4.282052096300222e-05,5414
20170902,0.054369312870205154,5.577449070381119e-05,3110
20170903,0.05590916492573824,7.80060800822557e-05,1700
20170908,0.05527922926667722,8.592663700818706e-05,1363
20170909,0.054452460959287824,6.6828868480271e-05,2174
20170910,0.052994406547334914,4.586151090106727e-05,4338
20170911,0.05339690508809409,3.852197845881173e-05,6254
20170912,0.05324713597924771,3.334878104758608e-05,8292
20170913,0.05418083228937424,2.9664878586398993e-05,10905
20170914,0.05504713213477206,2.86301556939227e-05,12154
20170915,0.0544569928766931,2.3964286911164433e-05,16910
20170916,0.05412546862891674,2.3478172669399186e-05,17368
20170917,0.054458957616880424,2.3710771508254413e-05,17275
20170918,0.05449757816737916,2.4618722320007576e-05,16051
20170919,0.05481659799193169,2.476826533071143e-05,16078
20170920,0.05412503034320739,2.3227868000803384e-05,17744
20170921,0.054322044382437054,2.2457887127285462e-05,19143
20170922,0.05453546734143382,2.4621218635690912e-05,16074
20170923,0.055289954260625676,3.0295206069577964e-05,10970
20170924,0.05474825193360097,2.5767759886466934e-05,14811
20170925,0.05439910817762428,2.45002078495359e-05,16138
20170926,0.054492810970009166,2.649050632193655e-05,13860
20170927,0.055414575082500035,3.0119250848009656e-05,11159
20170928,0.05475811418178026,3.254095803347813e-05,9291
20170929,0.05544224149898228,3.638699831445227e-05,7655
20170930,0.056169043183041965,4.6110749128712124e-05,4921
20171001,0.05633508552127805,5.46729414224437e-05,3526
20171002,0.056688148839119414,7.468826385988498e-05,1919
20171003,0.0591803671131392,0.0001622743822930206,454
20171007,0.05590378675149159,0.00010483515605215329,941
20171008,0.05476823183196761,6.900593715135906e-05,2067
20171009,0.054735239160368675,9.016405032177233e-05,1209
20171010,0.05414835394489068,4.249803717948851e-05,5306
20171011,0.05468001409834443,5.9549786527208125e-05,2765
20171012,0.05478979283349791,4.572533104072353e-05,4712
20171013,0.0547336997757107,3.232949200332598e-05,9403
20171016,0.054684117201057626,2.4692740492472695e-05,16084
20171017,0.05500389118645949,2.5359622664250414e-05,15462
20171018,0.054803128338744525,2.598415057865966e-05,14600
20171019,0.05580876889590377,2.8647935041743765e-05,12549
20171020,0.055073783039237774,2.6380401707688057e-05,14332
20171021,0.055539178323527574,3.111236808063782e-05,10515
20171022,0.05494306967656379,2.557211956145404e-05,15166
20171023,0.05463699840844189,2.5219286090272336e-05,15388
20171024,0.05517878400886633,2.7097146487116604e-05,13646
20171025,0.05526441562737704,2.7923794006153415e-05,12898
20171026,0.05480123369943983,3.443406146376744e-05,8313
20171027,0.05553217503893235,3.347928795587357e-05,9078
20171028,0.056329622533687264,4.068122359875627e-05,6367
20171101,0.05508322231124199,0.00011031053299246312,820
20171107,0.06609236809630668,0.00017498012380231671,528
20171108,0.06606093638370113,0.00018653422633580614,464
20171109,0.05502424882322551,3.785026010473915e-05,6947
20171110,0.05443334143617055,2.7345001267200483e-05,12974
20171111,0.05390412809378072,2.44327597188295e-05,15886
20171112,0.054807667954889346,2.4411487674990093e-05,16545
20171113,0.054319190546741725,2.187515917633161e-05,20174
20171114,0.05450099162527596,2.3704854668231507e-05,17315
20171115,0.05541077832522081,2.3812322059680494e-05,17850
20171116,0.053984768877999266,2.4430403599916574e-05,15944
20171118,0.05369166892127498,2.070472692533408e-05,21922
20171119,0.053889805214041894,2.0950785736081045e-05,21592
20171120,0.05446953982050833,2.5923862950062288e-05,14458
20171121,0.05444455337870045,2.403831277230936e-05,16797
20171122,0.05422200984822447,2.6389862347304476e-05,13804
20171123,0.05424521533835752,2.1620196946160247e-05,20587
20171128,0.05359344606493684,3.74743009907197e-05,6664
20171129,0.0685077353752218,0.0003310745359789576,163
20171201,0.05535015603202842,9.397745325548195e-05,1143
20171205,0.054995314919415714,7.530153003346417e-05,1753
20171206,0.054228394598695294,4.66854366521634e-05,4412
20171207,0.053393773050323244,3.5226210727674464e-05,7478
20171208,0.05339794052841042,2.930111980589825e-05,10810
20171209,0.054125235261537806,2.785912334598261e-05,12335
20171210,0.054860598498454004,2.6277897219240495e-05,14311
20171211,0.06584883517689291,0.0014142482703309311,8
20171212,0.07251242309672805,0.0016155212724117576,8
20171213,0.05648483963908833,0.0001035206645898458,990
20171214,0.054049439562663504,2.0357814922802387e-05,23025
20171215,0.05441680004873306,2.261090999762645e-05,18962
20171216,0.06875260620562744,0.0001603253538618474,702
20171217,0.05322137777472418,2.1000760329202575e-05,20887
20171218,0.05387882349761087,1.9844999257174678e-05,24054
20171219,0.05342848948287957,1.9336998330063897e-05,24853
20171220,0.05365667445048299,1.9989818845489767e-05,23483
20171221,0.054316349082053704,2.107418809152639e-05,21734
20171222,0.054469481067282395,2.084760770497223e-05,22356
20171223,0.05478846965155709,2.2052039772895015e-05,20258
20171224,0.05508843850711521,2.3655743380692262e-05,17835
20171225,0.05471940934762839,2.5081566996715427e-05,15613
20171226,0.054177632388276636,2.9642459533826486e-05,10920
20171227,0.06650764299365328,0.0007405220810334775,30
20171228,0.0537547826878069,3.662704125012102e-05,7024
20171229,0.05466818271124586,4.593289149349166e-05,4645
20180103,0.05562264093086258,7.751846192663523e-05,1700
20180104,0.055038869047632076,4.6164431843943946e-05,4673
20180105,0.055423606838741146,5.532149933513505e-05,3309
20180108,0.055193120473528375,3.939234922746291e-05,6461
20180109,0.05510996198758175,2.738777943858381e-05,13318
20180110,0.05523203494202484,2.7332626210912912e-05,13443
20180111,0.05387454544174428,2.2584514058274402e-05,18569
20180112,0.05440056885835864,2.2588121620900367e-05,18987
20180113,0.05945954877677018,6.259834561584867e-05,3089
20180114,0.05380179290086632,2.0033033815162072e-05,23527
20180117,0.06495948002024249,9.353348633262521e-05,1761
